N,R2_reg,R2_corr,r,RMSE,Slope,Intercept,PBIAS_percent,MeanBias
76,0.730228701589389,0.730228701589389,0.854534201532852,0.026671592545683,0.667183699554879,0.0266435681565726,9.98268654089331,-0.0114157274640663
