{
  "best_coefficients": {
    "ko_uva_num": 0.350407009078024,
    "rhg_uva_a": -0.02243776483632441,
    "rhg_uva_b": 1.4911911655729884,
    "rhg_uva_c": -23.612521190306616
  },
  "n": 76,
  "metrics": {
    "N": 76,
    "R2_reg": 0.7816608599601124,
    "R2_corr": 0.7816608599601123,
    "r": 0.8841158634252143,
    "RMSE": 0.022146486716501494,
    "Slope": 0.8491791921207106,
    "Intercept": 0.013102489303600966,
    "PBIAS_percent": 3.6243752641264995,
    "MeanBias": -0.0041446638711215
  },
  "salinity_dgm_slope_obs": 0.040052054375630516,
  "salinity_dgm_slope_sim": 0.04005205454305014,
  "salinity_dgm_slope_gap": 1.6741962677313538e-10
}